file,begin,end,speaker,overall_log_likelihood,speech_log_likelihood,phone_duration_deviation,snr
vocals,0.0,154.61009070294784,temp,-51.46015781644137,-57.742146751324455,5.702308861309604,7.838966433571128
